,model_name,popularity,best_price,sellers_amount,screen_size,memory_size,battery_size
0,0,422,1690.0,36,5.0,8.0,2000.0
1,1,323,1803.0,36,5.0,16.0,2000.0
2,1,299,1803.0,36,5.0,16.0,2000.0
3,1,287,1803.0,36,5.0,16.0,2000.0
4,2,1047,1999.0,10,5.71,16.0,3000.0
5,3,71,10865.0,2,5.8,64.0,3400.0
6,4,424,3999.0,2,6.21,32.0,3400.0
7,5,134,4973.0,6,6.21,64.0,3400.0
8,6,477,5100.0,3,6.21,128.0,3400.0
9,7,215,4948.0,8,6.21,64.0,3400.0
10,7,179,4948.0,8,6.21,64.0,3400.0
11,8,437,5165.0,7,6.21,64.0,3400.0
12,9,18,583.0,28,1.77,0.004,800.0
13,10,262,601.0,31,1.77,,800.0
14,10,274,601.0,31,1.77,,800.0
15,11,507,552.0,2,1.8,0.004,800.0
16,12,805,536.0,31,1.77,,800.0
17,13,692,547.0,35,1.77,,800.0
18,14,460,663.0,5,1.8,0.004,800.0
19,14,455,663.0,5,1.8,0.004,800.0
20,15,378,474.0,2,1.8,0.004,800.0
21,16,59,499.0,1,1.8,0.004,800.0
22,17,838,596.0,35,1.8,,800.0
23,17,841,596.0,35,1.8,,800.0
24,18,532,5499.0,2,6.21,128.0,3400.0
25,19,444,5499.0,2,6.21,128.0,3400.0
26,20,471,710.0,34,1.77,,800.0
27,21,248,702.0,36,1.77,,800.0
28,22,807,992.0,50,2.4,,1020.0
29,23,490,6584.0,1,5.45,128.0,3000.0
30,24,166,5272.0,3,5.45,64.0,3000.0
31,24,125,5272.0,3,5.45,64.0,3000.0
32,24,116,5272.0,3,5.45,64.0,3000.0
33,25,666,5328.0,1,5.95,64.0,3500.0
34,26,415,5328.0,1,5.95,64.0,3500.0
35,26,405,5328.0,1,5.95,64.0,3500.0
36,27,920,1180.0,61,2.4,,1020.0
37,28,543,1190.0,39,2.4,,1020.0
38,29,835,1196.0,39,2.4,,1020.0
39,30,645,1090.0,12,2.4,,1020.0
40,31,1111,5926.0,11,6.0,128.0,3100.0
41,32,1144,5231.0,19,6.0,64.0,3100.0
42,33,663,5649.0,2,6.0,128.0,3100.0
43,34,900,7229.0,11,6.2,128.0,4000.0
44,35,1063,7776.0,9,6.0,64.0,3010.0
45,36,195,2399.0,4,5.5,16.0,3000.0
46,37,616,2408.0,31,5.5,16.0,3000.0
47,38,629,3249.0,38,6.22,32.0,4000.0
48,39,790,3877.0,35,6.22,128.0,4000.0
49,39,793,3877.0,35,6.22,128.0,4000.0
50,40,1052,2299.0,1,5.71,16.0,3000.0
51,41,870,2799.0,2,6.2,32.0,4000.0
52,42,1031,3162.0,17,6.5,32.0,4500.0
53,43,823,9999.0,1,6.26,128.0,3750.0
54,44,538,655.0,26,2.4,,970.0
55,44,527,655.0,26,2.4,,970.0
56,45,193,654.0,27,2.4,,970.0
57,46,545,864.0,23,2.4,,970.0
58,47,475,900.0,25,2.4,,970.0
59,48,585,898.0,33,2.4,,970.0
60,49,464,1153.0,20,2.4,0.016,1020.0
61,50,65,1864.0,33,2.8,0.016,1200.0
62,51,860,1847.0,54,2.8,0.016,1200.0
63,52,883,2530.0,26,2.8,4.0,1500.0
64,53,721,2567.0,35,2.8,4.0,1500.0
65,53,719,2567.0,35,2.8,4.0,1500.0
66,54,103,7068.0,1,6.3,128.0,4045.0
67,54,128,7068.0,1,6.3,128.0,4045.0
68,55,1132,3899.0,24,6.39,64.0,4000.0
69,56,235,6991.0,9,5.5,128.0,3400.0
70,56,188,6991.0,9,5.5,128.0,3400.0
71,57,921,5856.0,10,5.5,64.0,3400.0
72,58,194,3590.0,1,6.52,64.0,4000.0
73,59,190,840.0,1,4.0,8.0,1300.0
74,59,224,840.0,1,4.0,8.0,1300.0
75,60,280,5757.0,1,6.5,128.0,5000.0
76,61,337,7333.0,1,5.5,64.0,3300.0
77,62,234,7333.0,1,5.5,64.0,3300.0
78,63,38,8294.0,1,6.3,128.0,4035.0
79,63,88,8294.0,1,6.3,128.0,4035.0
80,63,97,8294.0,1,6.3,128.0,4035.0
81,64,1156,4429.0,42,6.55,64.0,4000.0
82,65,701,9323.0,4,6.39,128.0,4000.0
83,66,888,1365.0,46,2.4,0.016,1200.0
84,67,137,4761.0,2,6.5,64.0,5000.0
85,68,1139,5936.0,20,6.5,128.0,4300.0
86,69,1045,5299.0,1,6.5,64.0,4300.0
87,70,309,6381.0,3,5.5,64.0,3000.0
88,71,21,5265.0,1,5.5,64.0,3000.0
89,72,1118,6767.0,34,6.5,128.0,4300.0
90,73,1117,8045.0,10,6.6,128.0,4300.0
91,74,620,3820.0,2,5.5,32.0,3000.0
92,75,798,3962.0,4,5.5,64.0,3000.0
93,76,202,5020.0,1,5.8,64.0,3060.0
94,77,329,5777.0,1,6.5,64.0,4300.0
95,77,291,5777.0,1,6.5,64.0,4300.0
96,78,953,6078.0,5,6.5,128.0,4300.0
97,79,661,15625.0,8,6.41,256.0,3700.0
98,80,989,4292.0,17,6.5,64.0,5000.0
99,81,1042,4946.0,27,6.5,128.0,5000.0
100,82,158,2766.0,1,5.2,16.0,3100.0
101,82,133,2766.0,1,5.2,16.0,3100.0
102,82,108,2766.0,1,5.2,16.0,3100.0
103,83,570,6215.0,3,6.5,64.0,5000.0
104,84,1022,14443.0,11,6.41,256.0,3700.0
105,85,375,7612.0,2,6.0,64.0,3800.0
106,86,1179,8584.0,23,6.4,128.0,4500.0
107,87,1067,17172.0,11,6.55,256.0,4300.0
108,88,535,3613.0,3,5.2,32.0,3000.0
109,89,693,3499.0,1,5.2,64.0,3000.0
110,90,1155,15840.0,13,6.55,128.0,4300.0
111,91,626,6222.0,1,5.3,64.0,3090.0
112,92,1095,22587.0,32,6.78,256.0,4510.0
113,93,1161,20709.0,23,6.78,128.0,4510.0
114,94,1055,19041.0,18,6.81,128.0,4500.0
115,95,609,3241.0,37,2.4,4.0,2100.0
116,96,560,3216.0,27,2.4,4.0,2100.0
117,97,383,3199.0,1,6.09,32.0,3020.0
118,98,430,3844.0,2,6.09,64.0,3020.0
119,98,433,3844.0,2,6.09,64.0,3020.0
120,99,767,2499.0,1,5.7,32.0,3020.0
121,99,769,2499.0,1,5.7,32.0,3020.0
122,100,938,23999.0,2,6.55,256.0,4500.0
123,101,1159,18200.0,29,6.55,256.0,4500.0
124,102,1157,16845.0,35,6.55,128.0,4500.0
125,103,694,5652.0,2,7.12,64.0,5000.0
126,103,697,5652.0,2,7.12,64.0,5000.0
127,104,303,5844.0,3,7.12,64.0,5000.0
128,105,660,4461.0,5,5.15,64.0,3200.0
129,106,142,3491.0,3,5.65,32.0,3000.0
130,107,342,3424.0,2,5.84,32.0,3000.0
131,107,361,3424.0,2,5.84,32.0,3000.0
132,108,216,4009.0,1,5.84,64.0,3000.0
133,108,180,4009.0,1,5.84,64.0,3000.0
134,109,1048,5599.0,3,6.59,128.0,4000.0
135,110,83,817.0,4,2.4,0.032,2000.0
136,111,384,834.0,26,2.4,0.032,2000.0
137,112,440,805.0,32,2.4,,2000.0
138,113,2,5628.0,11,5.7,128.0,4400.0
139,114,1024,3520.0,15,6.22,32.0,4230.0
140,115,705,3949.0,4,6.22,64.0,4230.0
141,116,519,214.0,2,1.77,0.032,600.0
142,117,172,599.0,3,3.2,,1000.0
143,117,208,599.0,3,3.2,,1000.0
144,117,221,599.0,3,3.2,,1000.0
145,118,11,399.0,2,1.77,,1000.0
146,119,411,252.0,20,1.77,,600.0
147,119,401,252.0,20,1.77,,600.0
148,120,106,252.0,20,1.77,,600.0
149,120,131,252.0,20,1.77,,600.0
150,120,156,252.0,20,1.77,,600.0
151,121,204,279.0,1,1.77,0.032,800.0
152,122,295,359.0,1,2.4,0.032,1000.0
153,122,334,359.0,1,2.4,0.032,1000.0
154,123,63,308.0,19,2.4,,800.0
155,124,947,632.0,23,2.8,,6000.0
156,125,240,1852.0,2,5.5,16.0,2500.0
157,125,243,1852.0,2,5.5,16.0,2500.0
158,126,897,4471.0,18,6.5,64.0,4230.0
159,127,833,4773.0,4,6.5,64.0,5000.0
160,128,617,1599.0,1,5.0,16.0,2700.0
161,129,302,2199.0,1,5.0,16.0,3200.0
162,130,1094,5448.0,65,6.5,64.0,5000.0
163,131,985,5683.0,19,6.5,128.0,5000.0
164,132,1145,5257.0,66,6.5,64.0,5000.0
165,133,650,1599.0,4,5.5,16.0,2650.0
166,134,478,3266.0,2,6.2,32.0,4230.0
167,135,857,1910.0,42,6.1,16.0,4080.0
168,136,1027,2831.0,8,6.08,64.0,4080.0
169,137,904,2465.0,15,6.08,16.0,4080.0
170,138,82,3391.0,5,6.09,32.0,4000.0
171,139,29,3868.0,4,6.3,128.0,4150.0
172,139,23,3868.0,4,6.3,128.0,4150.0
173,140,419,3327.0,2,6.3,64.0,4150.0
174,141,948,6867.0,11,6.5,128.0,5000.0
175,142,1097,6615.0,55,6.44,128.0,4015.0
176,143,622,2479.0,1,6.53,32.0,4150.0
177,144,74,4463.0,3,5.0,32.0,
178,145,578,2232.0,10,6.21,16.0,4200.0
179,146,1018,3250.0,26,6.49,64.0,4680.0
180,147,73,6039.0,1,6.5,128.0,5000.0
181,148,814,5699.0,1,6.5,128.0,5000.0
182,149,797,5851.0,10,5.99,32.0,5400.0
183,150,704,6900.0,14,5.99,64.0,5400.0
184,151,1124,8141.0,21,6.4,128.0,4025.0
185,152,316,294.0,11,2.4,0.064,1500.0
186,153,377,398.0,20,2.2,0.032,1000.0
187,154,155,3460.0,1,5.0,32.0,3500.0
188,155,632,7827.0,7,5.99,64.0,2900.0
189,156,146,12913.0,5,6.67,128.0,5800.0
190,157,314,6692.0,6,5.7,64.0,
191,158,148,7498.0,3,5.7,64.0,10300.0
192,159,671,7958.0,10,6.3,128.0,5500.0
193,159,673,7958.0,10,6.3,128.0,5500.0
194,160,865,5943.0,29,6.1,64.0,5500.0
195,161,1009,15611.0,20,6.3,128.0,6600.0
196,162,816,11062.0,17,6.3,128.0,6600.0
197,162,818,11062.0,17,6.3,128.0,6600.0
198,163,318,1274.0,57,2.4,0.032,2500.0
199,164,52,1299.0,7,2.4,0.032,2500.0
200,165,395,3155.0,29,5.5,32.0,5000.0
201,166,788,3768.0,38,5.5,32.0,5000.0
202,167,1010,4251.0,28,5.5,64.0,5000.0
203,168,662,2786.0,38,5.0,16.0,4000.0
204,169,546,3072.0,38,5.0,16.0,
205,170,998,3550.0,35,5.0,32.0,4000.0
206,171,1035,4424.0,33,5.7,64.0,5080.0
207,172,621,275.0,19,1.8,0.032,800.0
208,173,110,1699.0,1,5.45,8.0,4000.0
209,173,160,1699.0,1,5.45,8.0,4000.0
210,174,390,646.0,30,2.0,0.064,1300.0
211,175,599,655.0,28,2.0,0.064,1300.0
212,176,448,400.0,19,2.4,0.032,1200.0
213,177,1084,1488.0,52,2.4,,1500.0
214,178,49,1715.0,1,5.0,8.0,2500.0
215,179,25,3107.0,1,5.5,64.0,5050.0
216,179,94,3107.0,1,5.5,64.0,5050.0
217,180,540,2323.0,2,6.19,16.0,5500.0
218,181,688,992.0,22,2.4,0.032,3000.0
219,182,877,2974.0,23,5.7,32.0,5580.0
220,183,869,3474.0,13,5.7,64.0,5580.0
221,184,515,4727.0,13,5.7,128.0,5580.0
222,185,138,6789.0,22,5.7,128.0,5580.0
223,186,772,2596.0,54,5.5,16.0,4400.0
224,187,1023,2720.0,25,5.5,32.0,4400.0
225,188,553,3566.0,47,5.5,16.0,4400.0
226,188,548,3566.0,47,5.5,16.0,4400.0
227,189,425,2394.0,1,5.5,16.0,5580.0
228,190,659,3668.0,26,5.7,32.0,5580.0
229,191,806,3386.0,23,6.88,16.0,5580.0
230,192,849,3762.0,29,5.7,32.0,4380.0
231,193,882,5418.0,28,5.7,128.0,4380.0
232,194,821,6801.0,55,5.7,64.0,6580.0
233,195,764,4793.0,10,5.84,64.0,5580.0
234,196,536,4584.0,19,5.0,64.0,4180.0
235,196,525,4584.0,19,5.0,64.0,4180.0
236,197,954,5355.0,13,6.3,64.0,13000.0
237,198,562,6356.0,5,5.7,64.0,10000.0
238,199,792,5851.0,17,5.7,64.0,10000.0
239,200,612,8087.0,7,5.7,128.0,10000.0
240,201,104,6072.0,20,6.21,64.0,5580.0
241,201,129,6072.0,20,6.21,64.0,5580.0
242,202,373,6898.0,10,6.21,128.0,5580.0
243,202,355,6898.0,10,6.21,128.0,5580.0
244,203,533,6126.0,18,6.21,128.0,5580.0
245,204,898,6967.0,20,5.84,128.0,4380.0
246,205,77,7686.0,3,5.84,128.0,4380.0
247,206,293,10064.0,14,6.3,128.0,6580.0
248,206,332,10064.0,14,6.3,128.0,6580.0
249,207,879,10436.0,30,6.3,128.0,6580.0
250,208,732,9916.0,14,5.84,256.0,4380.0
251,209,802,12667.0,6,5.84,128.0,4380.0
252,210,918,7608.0,21,5.84,128.0,4380.0
253,211,884,4994.0,4,6.3,128.0,5000.0
254,212,150,15149.0,2,6.39,128.0,4000.0
255,213,43,15399.0,11,6.39,128.0,4000.0
256,214,726,18319.0,4,6.67,256.0,4720.0
257,215,1098,13846.0,31,6.67,128.0,4720.0
258,216,53,13146.0,1,5.99,128.0,4000.0
259,217,1083,4152.0,48,6.49,128.0,5000.0
260,218,700,2016.0,56,5.45,32.0,2600.0
261,219,619,2014.0,43,5.45,32.0,2600.0
262,220,446,2021.0,47,5.45,32.0,2600.0
263,221,782,1999.0,1,5.45,16.0,2600.0
264,222,601,1999.0,1,5.45,16.0,2600.0
265,222,594,1999.0,1,5.45,16.0,2600.0
266,223,706,2257.0,4,5.45,32.0,2600.0
267,224,529,2435.0,8,5.45,32.0,2600.0
268,225,942,2517.0,44,6.08,32.0,3200.0
269,226,978,2590.0,34,6.1,32.0,3200.0
270,227,1016,2783.0,56,6.08,32.0,4000.0
271,228,1071,3154.0,53,6.08,64.0,4000.0
272,229,775,3052.0,38,6.5,64.0,4000.0
273,230,642,1801.0,39,6.0,32.0,2600.0
274,231,399,1789.0,42,6.0,32.0,2600.0
275,231,418,1789.0,42,6.0,32.0,2600.0
276,232,750,1552.0,44,5.0,16.0,2000.0
277,233,691,1529.0,45,5.0,16.0,2000.0
278,234,951,4041.0,45,6.82,128.0,5000.0
279,235,941,3821.0,43,6.82,64.0,5000.0
280,236,753,3055.0,5,6.5,32.0,5000.0
281,237,930,3015.0,9,6.5,32.0,5000.0
282,238,386,3409.0,10,6.55,64.0,4000.0
283,239,610,2132.0,3,6.49,16.0,4000.0
284,240,497,2104.0,4,6.49,16.0,4000.0
285,241,634,2899.0,1,6.1,32.0,4000.0
286,242,1044,3276.0,11,6.4,64.0,4000.0
287,243,936,3296.0,10,6.5,32.0,5000.0
288,244,738,3361.0,11,6.5,32.0,5000.0
289,245,665,3399.0,1,6.5,32.0,5000.0
290,246,1153,3812.0,17,6.5,64.0,5000.0
291,247,625,5671.0,4,6.4,128.0,4200.0
292,248,307,1150.0,1,5.0,4.0,2000.0
293,249,319,1150.0,1,5.0,4.0,2000.0
294,250,907,1899.0,1,5.45,16.0,3000.0
295,251,161,2618.0,1,5.45,32.0,3000.0
296,251,111,2618.0,1,5.45,32.0,3000.0
297,252,62,2950.0,1,5.0,16.0,3500.0
298,253,449,2999.0,2,6.55,32.0,4000.0
299,254,522,3440.0,12,6.52,64.0,4000.0
300,255,876,4057.0,6,6.6,64.0,5000.0
301,256,252,4299.0,3,6.6,128.0,5000.0
302,257,583,810.0,31,2.8,,1600.0
303,258,200,641.0,39,2.3,,1000.0
304,259,990,444.0,24,1.77,,1450.0
305,260,253,777.0,38,2.2,,1650.0
306,260,265,777.0,38,2.2,,1650.0
307,261,1021,988.0,22,,,800.0
308,262,271,3968.0,2,5.5,64.0,4060.0
309,262,259,3968.0,2,5.5,64.0,4060.0
310,263,245,2059.0,5,5.0,16.0,2000.0
311,264,159,1979.0,1,5.5,16.0,2700.0
312,264,109,1979.0,1,5.5,16.0,2700.0
313,265,494,2884.0,1,5.5,32.0,3000.0
314,266,488,2969.0,1,5.5,32.0,3000.0
315,267,269,5590.0,1,5.4,32.0,3760.0
316,267,257,5590.0,1,5.4,32.0,3760.0
317,268,746,807.0,22,2.4,,1600.0
318,269,397,806.0,30,2.4,,1600.0
319,270,56,301.0,33,1.77,0.032,800.0
320,271,389,413.0,36,2.4,0.032,1800.0
321,272,335,546.0,24,2.4,0.032,3000.0
322,272,296,546.0,24,2.4,0.032,3000.0
323,273,251,499.0,2,2.8,0.032,1450.0
324,274,563,1250.0,18,4.5,8.0,1500.0
325,275,571,1850.0,5,4.5,8.0,2600.0
326,276,670,1362.0,6,5.0,8.0,2500.0
327,277,79,3490.0,1,6.1,64.0,3000.0
328,278,762,3444.0,2,6.1,64.0,3000.0
329,279,1178,2992.0,30,6.1,64.0,3000.0
330,280,929,4217.0,5,6.5,64.0,5000.0
331,281,1131,15017.0,20,6.7,128.0,4500.0
332,282,901,391.0,19,1.77,0.032,1000.0
333,283,523,373.0,6,1.77,0.032,1000.0
334,284,333,272.0,10,1.77,,1000.0
335,284,294,272.0,10,1.77,,1000.0
336,285,151,374.0,2,2.4,0.032,1800.0
337,286,122,379.0,1,2.4,0.032,1800.0
338,286,163,379.0,1,2.4,0.032,1800.0
339,286,113,379.0,1,2.4,0.032,1800.0
340,287,12,699.0,1,2.4,0.032,1400.0
341,288,45,649.0,1,2.4,,2000.0
342,289,556,583.0,4,2.8,0.032,3100.0
343,289,551,583.0,4,2.8,0.032,3100.0
344,290,227,477.0,13,2.8,,800.0
345,291,186,523.0,8,2.0,,1800.0
346,291,219,523.0,8,2.0,,1800.0
347,292,600,1610.0,8,5.3,16.0,3020.0
348,293,473,1599.0,3,5.3,16.0,3020.0
349,294,181,2167.0,2,5.7,16.0,3020.0
350,295,567,1939.0,4,5.7,16.0,3020.0
351,296,442,474.0,32,2.4,0.032,1700.0
352,297,905,557.0,55,2.4,0.032,4000.0
353,298,773,314.0,25,2.4,,800.0
354,299,653,547.0,28,2.8,0.032,1400.0
355,300,502,545.0,19,2.8,0.032,1400.0
356,301,590,29999.0,2,6.7,256.0,4200.0
357,302,474,32530.0,4,6.7,512.0,4260.0
358,303,710,3742.0,1,5.7,32.0,3300.0
359,304,637,3850.0,1,5.7,64.0,3300.0
360,305,745,3799.0,1,5.7,64.0,3300.0
361,306,603,4099.0,1,5.7,64.0,3300.0
362,306,596,4099.0,1,5.7,64.0,3300.0
363,307,674,4099.0,1,5.7,64.0,3300.0
364,308,96,8009.0,1,5.7,128.0,3300.0
365,308,27,8009.0,1,5.7,128.0,3300.0
366,309,686,4849.0,2,6.2,64.0,3000.0
367,310,1030,5571.0,2,6.1,64.0,3000.0
368,311,923,5421.0,2,6.1,64.0,3000.0
369,312,851,5713.0,3,6.1,64.0,3000.0
370,313,427,5798.0,2,6.1,64.0,3000.0
371,314,925,5464.0,27,6.4,64.0,5000.0
372,315,840,4772.0,12,6.5,64.0,5000.0
373,316,906,8299.0,1,6.1,128.0,3500.0
374,317,931,17790.0,21,6.4,128.0,4000.0
375,318,988,14427.0,21,6.21,128.0,3550.0
376,319,1062,4812.0,17,6.5,64.0,5000.0
377,320,1160,6697.0,46,6.81,128.0,5000.0
378,321,845,3529.0,2,5.1,32.0,2550.0
379,322,325,4511.0,1,5.1,32.0,2600.0
380,323,605,5930.0,1,5.5,32.0,3600.0
381,324,1163,2940.0,33,5.7,16.0,3000.0
382,325,1073,2344.0,50,5.3,16.0,3000.0
383,326,1078,3776.0,25,6.5,32.0,5000.0
384,327,1129,3348.0,24,6.2,32.0,4000.0
385,328,1036,4101.0,40,6.4,32.0,4000.0
386,329,1008,4473.0,63,6.5,32.0,5000.0
387,330,1092,4977.0,57,6.5,64.0,5000.0
388,331,100,3222.0,8,5.0,16.0,2600.0
389,331,91,3222.0,8,5.0,16.0,2600.0
390,332,1040,4595.0,9,5.8,32.0,3000.0
391,333,54,4300.0,2,5.8,32.0,3000.0
392,334,1017,4126.0,13,6.5,32.0,4000.0
393,335,1059,5174.0,46,6.5,32.0,5000.0
394,336,1072,4524.0,4,6.4,32.0,4000.0
395,337,261,6340.0,1,6.4,64.0,4000.0
396,337,273,6340.0,1,6.4,64.0,4000.0
397,338,778,6098.0,8,6.4,64.0,4000.0
398,339,1115,6510.0,74,6.4,128.0,5000.0
399,340,1185,5997.0,92,6.4,64.0,5000.0
400,341,1173,6693.0,19,6.1,64.0,3500.0
401,342,736,6687.0,16,6.4,128.0,4000.0
402,343,874,5527.0,2,6.4,64.0,4000.0
403,344,712,6933.0,2,6.4,128.0,4000.0
404,345,168,8243.0,8,6.4,128.0,4000.0
405,345,118,8243.0,8,6.4,128.0,4000.0
406,345,127,8243.0,8,6.4,128.0,4000.0
407,346,70,7159.0,5,6.4,128.0,4000.0
408,347,1192,7139.0,83,6.5,64.0,4000.0
409,348,1177,8076.0,77,6.5,128.0,4000.0
410,349,783,8538.0,20,6.5,128.0,4000.0
411,350,970,7135.0,9,6.5,128.0,4000.0
412,351,1039,8152.0,66,6.5,128.0,4000.0
413,352,205,7064.0,3,6.0,32.0,3500.0
414,353,484,5292.0,2,6.0,32.0,3500.0
415,354,346,7071.0,4,6.0,32.0,3500.0
416,355,279,5699.0,1,6.0,64.0,3300.0
417,356,689,5893.0,6,6.0,64.0,3300.0
418,357,339,8816.0,14,6.7,128.0,4500.0
419,358,173,8965.0,11,6.7,128.0,4500.0
420,358,209,8965.0,11,6.7,128.0,4500.0
421,358,222,8965.0,11,6.7,128.0,4500.0
422,359,611,8986.0,9,6.7,128.0,4500.0
423,360,1209,10403.0,79,6.7,128.0,4500.0
424,361,957,10848.0,20,6.7,128.0,4500.0
425,362,44,7309.0,5,6.0,32.0,3500.0
426,363,93,7253.0,5,6.0,32.0,3500.0
427,363,102,7253.0,5,6.0,32.0,3500.0
428,364,143,6542.0,1,6.0,64.0,3500.0
429,365,423,13131.0,1,6.7,128.0,3700.0
430,366,310,13296.0,6,6.7,128.0,3700.0
431,367,472,8610.0,4,6.3,128.0,3800.0
432,368,298,55338.0,4,7.3,256.0,4380.0
433,369,819,41310.0,31,7.3,512.0,4380.0
434,370,304,37640.0,10,7.3,512.0,4235.0
435,371,330,37173.0,10,7.3,512.0,4235.0
436,372,761,3498.0,1,5.6,32.0,3000.0
437,373,132,4268.0,6,6.22,16.0,3400.0
438,373,157,4268.0,6,6.22,16.0,3400.0
439,373,107,4268.0,6,6.22,16.0,3400.0
440,374,270,4100.0,1,6.22,32.0,3400.0
441,374,258,4100.0,1,6.22,32.0,3400.0
442,375,64,4095.0,2,6.22,32.0,3400.0
443,376,145,4882.0,3,6.4,32.0,4000.0
444,377,1049,4171.0,8,6.4,32.0,5000.0
445,378,1204,5849.0,67,6.4,64.0,6000.0
446,379,443,6749.0,5,6.4,64.0,5000.0
447,380,1214,7196.0,44,6.4,128.0,6000.0
448,381,1184,8359.0,55,6.5,128.0,6000.0
449,382,1220,9620.0,55,6.7,128.0,7000.0
450,383,568,21353.0,5,6.3,256.0,3500.0
451,384,658,21852.0,14,6.3,256.0,3500.0
452,385,1172,19940.0,53,6.3,256.0,3500.0
453,386,909,25252.0,16,6.8,256.0,4300.0
454,387,421,27124.0,1,6.8,512.0,4300.0
455,388,1113,23920.0,49,6.8,256.0,4300.0
456,389,233,27973.0,3,6.8,512.0,4300.0
457,390,744,9923.0,3,6.3,64.0,3300.0
458,391,184,18114.0,6,6.3,128.0,3300.0
459,391,217,18114.0,6,6.3,128.0,3300.0
460,392,889,14422.0,15,6.4,128.0,4000.0
461,393,164,20948.0,3,6.4,512.0,4000.0
462,393,123,20948.0,3,6.4,512.0,4000.0
463,393,114,20948.0,3,6.4,512.0,4000.0
464,394,813,16076.0,17,6.4,512.0,4000.0
465,395,992,17585.0,14,6.4,512.0,4000.0
466,396,714,17540.0,16,6.4,512.0,4000.0
467,397,1182,11405.0,77,6.7,128.0,4500.0
468,398,915,12169.0,27,6.7,128.0,4500.0
469,399,956,21175.0,34,6.7,256.0,4300.0
470,400,730,21222.0,27,6.7,256.0,4300.0
471,401,1080,22670.0,63,6.7,256.0,4300.0
472,402,1146,30008.0,33,6.9,256.0,4500.0
473,403,1013,28896.0,36,6.9,256.0,4500.0
474,404,800,39524.0,20,6.9,512.0,4500.0
475,405,1147,32669.0,38,6.9,256.0,4500.0
476,406,1190,14079.0,4,6.7,128.0,4500.0
477,407,1054,14654.0,11,6.7,128.0,4500.0
478,408,1199,17561.0,64,6.1,128.0,3400.0
479,409,198,21229.0,13,6.1,512.0,3400.0
480,410,861,19123.0,10,6.1,128.0,3400.0
481,411,1180,17860.0,45,6.4,128.0,4000.0
482,412,847,22932.0,22,6.4,1000.0,4000.0
483,413,795,23137.0,22,6.4,1000.0,4000.0
484,414,910,21304.0,26,6.4,512.0,4000.0
485,415,828,19878.0,28,6.4,512.0,4000.0
486,416,413,18739.0,1,6.4,512.0,4000.0
487,416,403,18739.0,1,6.4,512.0,4000.0
488,417,817,20044.0,9,6.4,128.0,4000.0
489,417,815,20044.0,9,6.4,128.0,4000.0
490,418,66,21454.0,3,6.4,1000.0,4000.0
491,419,1122,16313.0,23,5.8,128.0,3100.0
492,420,499,12499.0,1,5.8,128.0,3100.0
493,421,1003,20699.0,1,6.2,128.0,4000.0
494,422,1034,22846.0,22,6.2,128.0,4000.0
495,423,1181,17390.0,20,6.5,128.0,4500.0
496,424,913,21157.0,14,6.5,256.0,4500.0
497,425,964,17332.0,10,6.5,128.0,4500.0
498,426,396,16980.0,1,6.5,128.0,4500.0
499,427,1197,17631.0,79,6.5,128.0,4500.0
500,428,439,20513.0,8,6.5,256.0,4500.0
501,429,899,16396.0,16,6.5,128.0,4500.0
502,430,982,19215.0,56,6.5,256.0,4500.0
503,431,1210,21011.0,65,6.2,128.0,4000.0
504,432,933,29175.0,30,6.9,256.0,5000.0
505,433,984,27461.0,30,6.9,128.0,5000.0
506,434,1114,32806.0,63,6.9,128.0,5000.0
507,435,1130,23302.0,31,6.9,128.0,4500.0
508,436,192,24843.0,2,6.7,128.0,4500.0
509,436,226,24843.0,2,6.7,128.0,4500.0
510,437,321,21905.0,3,6.7,128.0,4500.0
511,438,1011,21326.0,35,6.7,128.0,4500.0
512,439,1070,24160.0,87,6.7,128.0,4500.0
513,440,1175,26751.0,25,6.2,128.0,4000.0
514,441,1004,28876.0,22,6.2,256.0,4000.0
515,442,1104,37630.0,28,6.8,128.0,5000.0
516,443,1164,39620.0,22,6.8,256.0,5000.0
517,444,1136,42649.0,26,6.8,512.0,5000.0
518,445,979,31574.0,32,6.7,128.0,4800.0
519,446,1006,33443.0,27,6.7,256.0,4800.0
520,447,824,5400.0,1,5.1,32.0,3000.0
521,448,685,7782.0,3,5.1,32.0,3000.0
522,449,908,7864.0,2,5.8,64.0,3000.0
523,450,886,7640.0,1,5.8,64.0,3000.0
524,451,871,10787.0,7,6.2,64.0,3500.0
525,452,664,8709.0,1,6.2,64.0,3500.0
526,453,167,14990.0,1,5.8,128.0,3000.0
527,453,126,14990.0,1,5.8,128.0,3000.0
528,453,117,14990.0,1,5.8,128.0,3000.0
529,454,92,16798.0,8,5.8,128.0,3000.0
530,454,101,16798.0,8,5.8,128.0,3000.0
531,455,17,13720.0,1,5.8,128.0,3000.0
532,456,249,13537.0,9,5.8,128.0,3000.0
533,457,1105,11207.0,5,5.8,64.0,3000.0
534,458,426,12869.0,1,5.8,128.0,3000.0
535,459,376,13550.0,1,6.2,128.0,3500.0
536,460,230,13436.0,9,6.2,128.0,3500.0
537,461,285,13525.0,6,6.2,128.0,3500.0
538,462,470,14502.0,2,6.2,128.0,3500.0
539,463,517,14532.0,15,6.2,256.0,3500.0
540,464,1135,13837.0,16,6.2,64.0,3500.0
541,465,696,22434.0,13,6.7,256.0,3300.0
542,466,1029,35015.0,16,6.7,256.0,3300.0
543,467,1099,51460.0,33,7.6,256.0,4500.0
544,468,207,460.0,6,2.8,0.032,950.0
545,469,191,4189.0,1,5.2,32.0,2700.0
546,469,225,4189.0,1,5.2,32.0,2700.0
547,470,880,3299.0,1,5.7,64.0,3200.0
548,471,630,3299.0,1,5.7,64.0,3200.0
549,472,4,5600.0,1,5.0,16.0,5000.0
550,473,960,4630.0,10,6.39,64.0,4050.0
551,474,436,5249.0,1,6.39,128.0,4050.0
552,475,504,5101.0,7,6.3,64.0,10000.0
553,475,509,5101.0,7,6.3,64.0,10000.0
554,476,328,5039.0,6,6.41,64.0,11000.0
555,476,290,5039.0,6,6.41,64.0,11000.0
556,477,506,5146.0,9,6.41,64.0,11000.0
557,478,469,5331.0,5,6.41,64.0,11000.0
558,479,731,3786.0,2,5.99,64.0,4050.0
559,480,467,5467.0,4,7.12,64.0,6000.0
560,481,916,5674.0,2,4.5,32.0,3505.0
561,482,115,2500.0,5,5.0,16.0,4400.0
562,482,124,2500.0,5,5.0,16.0,4400.0
563,482,165,2500.0,5,5.0,16.0,4400.0
564,483,811,3046.0,4,4.0,32.0,2000.0
565,484,749,3046.0,4,4.0,32.0,2000.0
566,485,199,2600.0,1,4.5,16.0,2000.0
567,486,178,2600.0,1,4.5,16.0,2000.0
568,486,214,2600.0,1,4.5,16.0,2000.0
569,487,6,610.0,1,1.77,,650.0
570,488,120,3190.0,15,6.5,32.0,4000.0
571,489,232,3312.0,7,6.5,32.0,4000.0
572,490,890,3325.0,33,6.5,32.0,4000.0
573,491,119,3608.0,13,6.5,32.0,4000.0
574,492,380,1491.0,11,2.4,,1970.0
575,493,387,1484.0,4,2.4,,1970.0
576,494,668,2840.0,4,2.8,8.0,2500.0
577,495,651,3281.0,2,5.5,16.0,4000.0
578,496,345,2765.0,3,5.7,16.0,3300.0
579,497,305,2999.0,2,5.7,32.0,3300.0
580,498,144,4200.0,1,5.7,64.0,3000.0
581,499,786,3855.0,5,5.7,64.0,3100.0
582,500,482,3726.0,9,5.7,64.0,3100.0
583,501,169,3682.0,3,6.0,64.0,4060.0
584,502,453,563.0,11,1.4,0.032,460.0
585,502,458,563.0,11,1.4,0.032,460.0
586,503,48,335.0,16,1.77,,600.0
587,504,394,394.0,17,2.4,,1400.0
588,505,283,666.0,21,2.8,,950.0
589,506,242,921.0,2,3.2,,1000.0
590,506,239,921.0,2,3.2,,1000.0
591,507,747,528.0,8,1.77,0.032,600.0
592,508,338,774.0,6,2.2,,1400.0
593,509,521,720.0,10,2.2,,800.0
594,510,414,747.0,13,2.4,,800.0
595,510,404,747.0,13,2.4,,800.0
596,511,206,13733.0,1,5.9,128.0,4000.0
597,512,606,14257.0,4,6.0,256.0,4000.0
598,513,566,13612.0,2,6.53,64.0,4000.0
599,514,785,13782.0,3,6.0,256.0,4000.0
600,515,740,56082.0,6,,512.0,4500.0
601,516,926,11104.0,9,6.57,128.0,4160.0
602,517,1087,12456.0,1,6.57,64.0,4160.0
603,518,836,12055.0,6,6.57,256.0,4160.0
604,519,1026,27999.0,1,6.67,256.0,4500.0
605,520,1154,12778.0,49,6.67,128.0,5000.0
606,521,1191,13236.0,47,6.67,128.0,5000.0
607,522,1133,9502.0,26,6.67,128.0,4820.0
608,523,1037,9039.0,5,6.67,64.0,4820.0
609,524,1152,15767.0,17,6.67,128.0,5000.0
610,525,1168,16756.0,12,6.67,256.0,5000.0
611,526,393,3989.0,1,6.44,64.0,5300.0
612,527,558,8999.0,1,6.47,64.0,5260.0
613,528,511,4098.0,1,5.15,32.0,3000.0
614,529,801,2786.0,4,6.0,64.0,4200.0
615,530,559,2865.0,4,6.0,64.0,4200.0
616,531,228,2724.0,7,5.7,32.0,
617,532,75,2999.0,1,5.0,16.0,4000.0
618,533,153,2590.0,1,5.0,16.0,2800.0
619,534,183,4090.0,1,6.0,32.0,5000.0
620,535,203,2590.0,1,5.7,16.0,4000.0
621,536,441,2243.0,7,5.0,16.0,2800.0
622,537,431,3569.0,2,5.2,32.0,3000.0
623,537,434,3569.0,2,5.2,32.0,3000.0
624,538,554,3569.0,2,5.2,64.0,3000.0
625,538,549,3569.0,2,5.2,64.0,3000.0
626,539,147,3590.0,1,5.7,32.0,4000.0
627,540,385,6545.0,2,5.9,64.0,3200.0
628,541,487,3494.0,2,5.7,32.0,3000.0
629,542,189,5790.0,1,6.2,64.0,5000.0
630,542,236,5790.0,1,6.2,64.0,5000.0
631,543,722,5084.0,10,6.4,64.0,4000.0
632,543,720,5084.0,10,6.4,64.0,4000.0
633,544,528,5105.0,9,6.4,64.0,4000.0
634,544,539,5105.0,9,6.4,64.0,4000.0
635,545,1041,5573.0,12,6.3,64.0,4000.0
636,546,1149,5432.0,3,6.4,128.0,5000.0
637,547,47,3490.0,1,5.5,32.0,3050.0
638,548,7,3490.0,1,5.2,16.0,2300.0
639,549,638,5294.0,2,5.4,32.0,3760.0
640,550,170,5790.0,1,5.2,32.0,3000.0
641,551,174,4990.0,1,5.5,32.0,2600.0
642,551,210,4990.0,1,5.5,32.0,2600.0
643,551,223,4990.0,1,5.5,32.0,2600.0
644,552,196,3796.0,4,5.5,32.0,2600.0
645,553,808,7094.0,2,5.5,64.0,2730.0
646,554,703,5999.0,1,5.5,64.0,2730.0
647,555,46,5244.0,2,5.5,64.0,3000.0
648,556,322,5244.0,2,5.5,64.0,3000.0
649,557,374,6590.0,2,6.01,64.0,3000.0
650,558,503,11690.0,2,6.4,128.0,3600.0
651,558,508,11690.0,2,6.4,128.0,3600.0
652,559,35,2599.0,1,5.5,16.0,4500.0
653,559,85,2599.0,1,5.5,16.0,4500.0
654,560,614,2299.0,1,5.84,32.0,3360.0
655,561,875,2989.0,10,6.3,64.0,4350.0
656,562,959,4722.0,24,6.3,128.0,4400.0
657,563,672,3519.0,8,6.55,128.0,4500.0
658,563,675,3519.0,8,6.55,128.0,4500.0
659,564,31,5494.0,1,5.7,32.0,3000.0
660,565,463,652.0,2,1.77,0.032,800.0
661,565,456,652.0,2,1.77,0.032,800.0
662,566,340,3895.0,1,5.3,32.0,3220.0
663,567,1096,12985.0,25,6.44,256.0,4115.0
664,568,1109,12069.0,19,6.44,128.0,4115.0
665,569,1194,9795.0,28,6.49,128.0,4300.0
666,570,965,6112.0,28,6.52,64.0,5000.0
667,571,962,3491.0,4,6.5,128.0,4200.0
668,572,576,4494.0,1,6.5,128.0,4200.0
669,573,28,2999.0,17,6.1,32.0,3500.0
670,573,22,2999.0,17,6.1,32.0,3500.0
671,574,312,2125.0,33,5.5,16.0,2700.0
672,575,211,2148.0,23,5.5,16.0,2700.0
673,575,175,2148.0,23,5.5,16.0,2700.0
674,576,1167,4430.0,34,6.2,64.0,4000.0
675,577,81,9372.0,3,6.4,128.0,3750.0
676,578,220,8619.0,1,5.5,64.0,3200.0
677,578,187,8619.0,1,5.5,64.0,3200.0
678,579,839,4697.0,1,6.34,128.0,3500.0
679,580,855,4697.0,1,6.34,128.0,3500.0
680,581,481,7190.0,1,6.5,64.0,5000.0
681,582,1148,7071.0,15,6.5,128.0,5000.0
682,583,531,8261.0,3,6.5,128.0,4000.0
683,584,135,4550.0,1,6.2,64.0,4000.0
684,585,512,5290.0,1,6.2,64.0,5000.0
685,586,382,7590.0,1,6.3,128.0,3500.0
686,587,881,6643.0,2,6.3,128.0,3500.0
687,588,480,4490.0,1,5.9,64.0,3000.0
688,589,759,9790.0,1,6.4,128.0,4000.0
689,590,569,9790.0,1,6.4,128.0,4000.0
690,591,641,4681.0,18,6.21,128.0,3400.0
691,592,994,7199.0,4,6.59,128.0,4000.0
692,593,914,5802.0,23,6.3,128.0,4000.0
693,594,825,4262.0,11,6.21,64.0,3400.0
694,595,1038,5311.0,39,6.67,128.0,5000.0
695,596,1076,4989.0,18,6.59,64.0,4000.0
696,597,500,5380.0,1,6.3,64.0,3340.0
697,598,495,3320.0,11,6.3,64.0,4000.0
698,599,993,15464.0,17,6.1,128.0,3650.0
699,600,711,14906.0,1,6.1,128.0,3650.0
700,601,856,5821.0,3,6.15,128.0,3340.0
701,602,1000,6257.0,17,6.15,256.0,3340.0
702,603,1056,16997.0,14,6.47,128.0,4200.0
703,604,1079,16798.0,19,6.47,128.0,4200.0
704,605,1089,15560.0,1,6.47,256.0,4200.0
705,606,1057,18484.0,18,6.47,256.0,4200.0
706,607,1064,17155.0,18,6.1,128.0,3800.0
707,608,1075,23465.0,9,6.58,256.0,4200.0
708,609,417,31656.0,10,6.58,512.0,4200.0
709,609,407,31656.0,10,6.58,512.0,4200.0
710,610,1061,6789.0,43,6.4,128.0,4000.0
711,611,1134,4243.0,54,6.39,64.0,4000.0
712,612,301,1699.0,1,5.5,16.0,4000.0
713,613,326,1699.0,1,5.5,16.0,4000.0
714,614,391,1799.0,1,5.5,16.0,4000.0
715,615,241,3487.0,1,5.2,16.0,2680.0
716,615,238,3487.0,1,5.2,16.0,2680.0
717,616,794,1631.0,25,5.5,16.0,2400.0
718,617,468,1810.0,39,5.7,16.0,3500.0
719,618,864,2236.0,11,6.0,32.0,5000.0
720,619,520,6838.0,4,5.0,128.0,2770.0
721,620,718,13014.0,9,5.0,128.0,2700.0
722,621,895,6667.0,9,5.0,64.0,2700.0
723,622,1050,12909.0,8,6.0,64.0,3520.0
724,623,713,13500.0,1,5.5,128.0,2915.0
725,624,1077,10274.0,14,5.5,64.0,2915.0
726,625,1082,11238.0,29,6.3,64.0,3430.0
727,626,588,4729.0,2,5.0,32.0,2770.0
728,627,867,10071.0,26,5.6,64.0,3000.0
729,628,510,11774.0,9,6.0,64.0,3700.0
730,629,1065,17187.0,21,5.7,64.0,2800.0
731,630,734,25548.0,6,6.3,128.0,3700.0
732,631,1019,19369.0,4,6.3,64.0,3700.0
733,632,1202,15706.0,33,6.24,128.0,3885.0
734,633,1223,12106.0,37,5.81,128.0,3140.0
735,634,1165,21879.0,36,6.0,128.0,4080.0
736,635,452,5899.0,1,5.5,128.0,3450.0
737,635,462,5899.0,1,5.5,128.0,3450.0
738,636,1150,12999.0,1,6.67,128.0,4700.0
739,637,1116,5372.0,41,6.53,128.0,6000.0
740,638,1217,4708.0,34,6.53,64.0,6000.0
741,639,1222,7152.0,59,6.67,128.0,5160.0
742,640,1211,6488.0,57,6.67,64.0,5160.0
743,641,946,7231.0,16,6.18,128.0,4000.0
744,642,639,2314.0,18,6.52,16.0,5000.0
745,643,572,4204.0,23,6.3,64.0,6350.0
746,644,171,4335.0,12,6.3,64.0,6350.0
747,645,416,4211.0,16,6.3,64.0,6350.0
748,645,406,4211.0,16,6.3,64.0,6350.0
749,646,244,5957.0,1,6.3,64.0,4035.0
750,647,13,4099.0,1,5.5,64.0,4000.0
751,648,655,877.0,51,2.4,0.032,2000.0
752,649,827,22713.0,3,6.4,128.0,2510.0
753,650,972,22760.0,19,6.2,128.0,2510.0
754,651,973,18618.0,5,6.59,128.0,6000.0
755,652,1140,18993.0,7,6.59,128.0,6000.0
756,653,1002,21964.0,5,6.59,256.0,6000.0
757,654,1088,28384.0,11,6.59,512.0,6000.0
758,655,112,17510.0,1,6.0,512.0,4000.0
759,655,121,17510.0,1,6.0,512.0,4000.0
760,655,162,17510.0,1,6.0,512.0,4000.0
761,656,1102,5133.0,10,6.53,128.0,5020.0
762,657,966,5761.0,7,6.53,128.0,5020.0
763,658,580,2358.0,2,5.0,16.0,4100.0
764,659,597,2358.0,2,5.0,16.0,4100.0
765,660,1093,2826.0,4,5.0,64.0,4100.0
766,661,850,2826.0,4,5.0,64.0,4100.0
767,662,636,2950.0,1,5.7,32.0,3300.0
768,663,743,3882.0,4,5.7,32.0,3300.0
769,664,608,3463.0,2,5.9,64.0,4000.0
770,665,859,4265.0,4,5.9,64.0,4000.0
771,666,715,2420.0,2,5.0,16.0,3080.0
772,667,141,2400.0,2,5.0,32.0,3080.0
773,668,358,2749.0,3,5.0,32.0,3080.0
774,668,366,2749.0,3,5.0,32.0,3080.0
775,669,878,2794.0,5,5.45,32.0,3000.0
776,670,758,2794.0,5,5.45,32.0,3000.0
777,671,667,3054.0,1,5.45,64.0,3000.0
778,672,343,3193.0,2,5.45,64.0,3000.0
779,672,362,3193.0,2,5.45,64.0,3000.0
780,673,760,3480.0,5,5.45,64.0,3000.0
781,674,657,3317.0,2,5.84,32.0,4000.0
782,675,733,3627.0,3,5.84,64.0,4000.0
783,676,176,3671.0,4,6.26,64.0,4000.0
784,676,212,3671.0,4,6.26,64.0,4000.0
785,677,435,3248.0,1,5.45,16.0,4000.0
786,678,999,3468.0,6,5.45,32.0,4000.0
787,679,1007,3559.0,3,6.22,32.0,5000.0
788,680,1188,3840.0,31,6.22,64.0,5000.0
789,681,866,3219.0,1,6.22,32.0,5000.0
790,682,1158,3503.0,28,6.22,64.0,5000.0
791,683,1151,4047.0,69,6.53,32.0,5020.0
792,684,654,4099.0,11,6.53,32.0,5020.0
793,685,367,4960.0,8,6.53,128.0,5020.0
794,685,359,4960.0,8,6.53,128.0,5020.0
795,686,263,4822.0,3,6.53,128.0,5020.0
796,686,275,4822.0,3,6.53,128.0,5020.0
797,687,615,4861.0,14,6.53,128.0,5020.0
798,688,748,4846.0,14,6.53,128.0,5020.0
799,689,1206,4492.0,47,6.53,64.0,5020.0
800,690,976,4316.0,8,6.53,64.0,5020.0
801,691,1015,5179.0,13,6.53,128.0,5020.0
802,692,1142,3163.0,62,6.53,32.0,5000.0
803,693,934,3490.0,36,6.53,32.0,5000.0
804,694,1123,3778.0,10,6.53,64.0,5000.0
805,695,863,3484.0,29,6.53,32.0,5000.0
806,696,796,4256.0,3,6.53,64.0,5000.0
807,697,1107,6064.0,10,6.53,128.0,6000.0
808,698,544,5495.0,2,6.53,64.0,6000.0
809,699,582,8000.0,3,6.67,128.0,4500.0
810,700,1138,7725.0,16,6.67,128.0,4500.0
811,701,699,8577.0,7,6.67,256.0,4500.0
812,702,963,14108.0,1,6.67,128.0,4700.0
813,703,669,2819.0,1,5.5,32.0,4100.0
814,704,255,2931.0,1,5.5,64.0,4100.0
815,704,267,2931.0,1,5.5,64.0,4100.0
816,705,945,2675.0,4,5.5,32.0,4100.0
817,706,1127,2809.0,2,5.5,64.0,4100.0
818,707,781,2809.0,2,5.5,64.0,4100.0
819,708,937,3320.0,2,5.9,32.0,4000.0
820,709,717,3671.0,4,5.9,32.0,4000.0
821,710,347,3595.0,4,5.9,32.0,4000.0
822,711,1120,3451.0,5,5.99,64.0,4000.0
823,712,514,3599.0,1,6.26,32.0,4000.0
824,713,420,5010.0,2,6.26,64.0,4000.0
825,714,392,5010.0,2,6.26,64.0,4000.0
826,715,1068,4323.0,3,6.3,64.0,4000.0
827,716,971,4304.0,2,6.3,32.0,4000.0
828,717,912,5261.0,8,6.3,128.0,4000.0
829,718,1171,4888.0,11,6.3,64.0,4000.0
830,719,967,5514.0,7,6.3,128.0,4000.0
831,720,771,5164.0,2,6.3,64.0,4000.0
832,721,1125,6811.0,31,6.53,128.0,4500.0
833,722,1193,6164.0,39,6.53,64.0,4500.0
834,723,891,6630.0,1,6.53,128.0,4500.0
835,724,607,6600.0,1,6.3,32.0,4000.0
836,725,1141,4899.0,1,6.3,64.0,4000.0
837,726,465,4834.0,2,6.53,64.0,5020.0
838,727,1170,5085.0,45,6.53,64.0,5020.0
839,728,1200,5648.0,49,6.53,128.0,5020.0
840,729,646,5210.0,5,6.53,128.0,5020.0
841,730,757,7014.0,2,6.67,64.0,5020.0
842,731,1219,7427.0,99,6.67,128.0,5020.0
843,732,1201,6820.0,102,6.67,64.0,5020.0
844,733,1196,5754.0,30,6.67,64.0,5020.0
845,734,1137,6576.0,16,6.67,128.0,5020.0
846,735,763,8442.0,6,6.53,128.0,5000.0
847,736,958,7682.0,10,6.53,64.0,5000.0
848,737,991,10221.0,57,6.43,128.0,4025.0
849,738,1020,15361.0,54,6.5,256.0,4000.0
850,739,751,10341.0,11,6.4,256.0,3765.0
851,740,1060,12535.0,20,6.5,256.0,4000.0
852,741,974,8450.0,20,6.5,128.0,4000.0
853,742,349,10974.0,9,6.57,128.0,4000.0
854,743,698,1382.0,2,2.4,,15800.0
855,744,34,1697.0,3,5.5,8.0,3000.0
856,744,84,1697.0,3,5.5,8.0,3000.0
857,745,58,3032.0,2,5.5,64.0,3500.0
858,746,76,299.0,1,1.8,,1000.0
859,747,1,299.0,1,1.8,,1000.0
860,748,201,273.0,35,1.77,0.032,600.0
861,749,451,499.0,4,2.4,,800.0
862,749,461,499.0,4,2.4,,800.0
863,750,643,1499.0,1,5.45,8.0,2000.0
864,751,591,6718.0,12,4.7,16.0,4000.0
865,752,924,2939.0,20,5.5,32.0,4650.0
866,753,288,2707.0,17,5.5,16.0,4650.0
867,753,300,2707.0,17,5.5,16.0,4650.0
868,753,324,2707.0,17,5.5,16.0,4650.0
869,754,552,3590.0,10,5.45,64.0,4650.0
870,754,557,3590.0,10,5.45,64.0,4650.0
871,755,631,9148.0,12,5.5,32.0,4200.0
872,756,498,3245.0,2,5.7,64.0,3000.0
873,757,727,4183.0,2,6.2,64.0,3500.0
874,758,432,3849.0,1,6.2,64.0,3500.0
875,759,586,3957.0,5,6.2,64.0,3500.0
876,760,784,13259.0,39,5.65,64.0,3100.0
877,761,647,3527.0,8,5.5,64.0,5500.0
878,762,862,2872.0,17,5.45,32.0,4000.0
879,763,986,4998.0,22,5.71,64.0,5180.0
880,764,809,10977.0,31,4.7,32.0,3800.0
881,765,297,3789.0,7,5.2,32.0,5580.0
882,765,336,3789.0,7,5.2,32.0,5580.0
883,766,777,25649.0,53,5.2,64.0,4500.0
884,767,1051,19229.0,21,5.7,128.0,4000.0
885,768,848,6680.0,36,5.9,128.0,6300.0
886,769,1053,6514.0,13,6.3,128.0,10000.0
887,770,476,5612.0,6,6.18,128.0,5050.0
888,771,89,5299.0,1,6.18,64.0,5050.0
889,771,39,5299.0,1,6.18,64.0,5050.0
890,771,98,5299.0,1,6.18,64.0,5050.0
891,772,68,8071.0,6,6.18,64.0,5050.0
892,773,955,8904.0,13,6.3,128.0,5150.0
893,774,445,9430.0,7,6.3,256.0,5150.0
894,775,534,7791.0,8,6.22,128.0,6350.0
895,776,139,7842.0,5,6.22,128.0,6350.0
896,777,438,7903.0,4,6.22,128.0,6350.0
897,778,282,899.0,1,3.0,,18800.0
898,779,51,1799.0,1,5.5,16.0,3000.0
899,780,99,2299.0,5,5.5,16.0,3000.0
900,780,40,2299.0,5,5.5,16.0,3000.0
901,780,90,2299.0,5,5.5,16.0,3000.0
902,781,72,2775.0,8,5.5,16.0,3000.0
903,782,60,1599.0,1,5.0,16.0,2000.0
904,783,292,249.0,1,1.77,0.032,600.0
905,783,331,249.0,1,1.77,0.032,600.0
906,784,593,2142.0,2,5.5,16.0,2960.0
907,785,57,2999.0,3,6.52,32.0,4000.0
908,786,656,2321.0,6,6.52,32.0,4000.0
909,787,1058,3762.0,49,6.6,128.0,5000.0
910,788,1074,3583.0,51,6.6,64.0,5000.0
911,789,837,2769.0,38,6.52,32.0,5000.0
912,790,799,3193.0,34,6.52,64.0,5000.0
913,791,1005,4129.0,45,6.8,128.0,5000.0
914,792,983,3750.0,44,6.8,64.0,5000.0
915,793,501,44232.0,5,8.1,256.0,3577.0
916,794,86,1048.0,2,2.4,0.032,2100.0
917,794,36,1048.0,2,2.4,0.032,2100.0
918,795,649,1949.0,1,5.5,16.0,4080.0
919,795,648,1949.0,1,5.5,16.0,4080.0
920,796,707,294.0,41,1.77,,1150.0
921,797,949,366.0,17,2.4,,1150.0
922,798,428,536.0,30,2.8,,1500.0
923,799,547,614.0,28,2.8,,1900.0
924,800,518,5095.0,3,5.99,128.0,3620.0
925,801,682,5649.0,2,5.5,64.0,3000.0
926,802,20,5899.0,1,5.5,64.0,3000.0
927,803,579,19649.0,10,6.8,256.0,5000.0
928,804,372,6615.0,3,6.53,256.0,3500.0
929,804,354,6615.0,3,6.53,256.0,3500.0
930,805,231,6980.0,1,5.9,128.0,3750.0
931,806,19,249.0,2,1.8,0.032,600.0
932,807,894,11632.0,26,6.44,128.0,4000.0
933,808,935,11360.0,9,6.44,128.0,4000.0
934,809,684,8762.0,9,6.44,128.0,4100.0
935,810,5,326.0,14,2.4,0.032,1000.0
936,811,264,400.0,20,2.8,0.032,1450.0
937,811,276,400.0,20,2.8,0.032,1450.0
938,812,919,6874.0,2,6.4,128.0,3300.0
939,813,1081,9798.0,3,6.4,128.0,4000.0
940,814,1100,10499.0,2,6.4,256.0,4000.0
941,815,344,6186.0,2,5.7,64.0,4000.0
942,815,363,6186.0,2,5.7,64.0,4000.0
943,816,779,15525.0,7,6.8,128.0,4300.0
944,817,9,3404.0,2,5.5,64.0,5000.0
945,818,681,4449.0,7,6.0,64.0,10000.0
946,819,33,4433.0,3,6.0,64.0,10000.0
947,820,728,3149.0,3,5.5,32.0,8000.0
948,821,969,3813.0,14,5.5,64.0,8000.0
949,822,1085,5231.0,13,6.3,128.0,10000.0
950,823,939,6628.0,16,6.3,128.0,10000.0
951,824,932,9981.0,21,6.53,128.0,8000.0
952,825,820,4897.0,11,6.49,64.0,5000.0
953,826,766,2823.0,2,6.0,64.0,6200.0
954,827,944,7130.0,33,5.0,32.0,2800.0
955,828,348,2749.0,2,4.93,16.0,2300.0
956,829,690,647.0,12,2.4,,800.0
957,830,454,950.0,6,2.4,0.032,2500.0
958,830,459,950.0,6,2.4,0.032,2500.0
959,831,723,9323.0,37,5.5,128.0,9000.0
960,832,485,9348.0,23,5.5,128.0,9000.0
961,833,903,6883.0,27,5.7,64.0,6500.0
962,834,317,311.0,52,1.77,,1000.0
963,835,483,328.0,109,1.77,,1000.0
964,836,493,730.0,41,2.4,,800.0
965,837,830,684.0,48,2.8,,3100.0
966,838,149,687.0,42,2.8,,3100.0
967,839,400,682.0,41,2.8,,3100.0
968,839,410,682.0,41,2.8,,3100.0
969,840,277,680.0,38,2.8,,3100.0
970,841,541,815.0,42,2.4,,3200.0
971,842,320,819.0,35,2.4,,3200.0
972,843,584,879.0,41,2.8,,1000.0
973,844,286,818.0,6,2.8,,1000.0
974,845,496,570.0,39,2.4,,4050.0
975,846,491,569.0,41,2.4,,4050.0
976,847,776,705.0,34,3.2,,2500.0
977,848,832,1036.0,42,2.4,4.0,2000.0
978,849,516,1206.0,39,2.4,,2100.0
979,850,41,1225.0,4,2.4,,2100.0
980,851,136,2066.0,3,2.4,0.0032,4500.0
981,852,289,2049.0,2,2.4,0.0032,4500.0
982,852,327,2049.0,2,2.4,0.0032,4500.0
983,853,598,1067.0,6,2.2,,1700.0
984,854,822,2552.0,42,5.0,8.0,5000.0
985,855,360,2546.0,39,5.0,8.0,5000.0
986,855,368,2546.0,39,5.0,8.0,5000.0
987,856,154,2999.0,1,5.0,8.0,5000.0
988,857,3,2999.0,1,5.0,8.0,5000.0
989,858,237,4175.0,27,5.0,16.0,5000.0
990,859,371,4074.0,25,5.0,16.0,5000.0
991,859,353,4074.0,25,5.0,16.0,5000.0
992,860,812,4606.0,8,5.45,32.0,5000.0
993,861,618,4671.0,8,5.45,32.0,5000.0
994,862,247,7399.0,1,5.5,32.0,9000.0
995,863,42,3999.0,2,5.0,32.0,3000.0
996,864,182,4983.0,38,5.7,16.0,5000.0
997,865,67,6603.0,3,5.7,32.0,6500.0
998,866,306,1558.0,39,2.4,,4400.0
999,867,737,1399.0,49,2.8,,2600.0
1000,868,278,1405.0,43,2.8,,2600.0
1001,869,78,3016.0,3,5.93,64.0,4000.0
1002,870,868,10999.0,1,6.5,128.0,4000.0
1003,871,315,4265.0,4,6.3,128.0,4000.0
1004,872,831,11278.0,7,5.99,64.0,4100.0
1005,873,213,15048.0,1,5.99,64.0,4100.0
1006,873,177,15048.0,1,5.99,64.0,4100.0
1007,874,679,9049.0,2,6.57,128.0,4200.0
1008,875,829,15507.0,24,6.56,128.0,4315.0
1009,876,892,15505.0,25,6.56,128.0,4315.0
1010,877,513,14659.0,1,6.44,128.0,4200.0
1011,878,902,14785.0,7,6.44,256.0,4200.0
1012,879,981,24519.0,14,6.56,256.0,4315.0
1013,880,16,2200.0,2,5.5,16.0,3300.0
1014,881,250,7515.0,4,6.18,128.0,3500.0
1015,882,652,6916.0,6,6.18,64.0,3500.0
1016,883,725,1844.0,7,6.1,16.0,3400.0
1017,884,479,1967.0,4,6.1,16.0,3400.0
1018,885,30,1949.0,11,6.1,16.0,3400.0
1019,885,24,1949.0,11,6.1,16.0,3400.0
1020,886,311,2399.0,1,6.1,16.0,3400.0
1021,887,130,2399.0,1,6.1,16.0,3400.0
1022,887,105,2399.0,1,6.1,16.0,3400.0
1023,888,677,2494.0,19,6.52,16.0,4350.0
1024,889,457,2517.0,28,6.52,16.0,4350.0
1025,889,447,2517.0,28,6.52,16.0,4350.0
1026,890,350,517.0,10,1.77,0.032,1050.0
1027,891,604,480.0,33,1.77,0.032,1000.0
1028,892,742,1368.0,30,2.4,0.032,3100.0
1029,893,592,1395.0,21,2.4,0.032,1050.0
1030,894,429,1393.0,24,2.4,,1050.0
1031,895,581,1397.0,5,2.4,,1050.0
1032,896,975,1978.0,27,2.8,0.128,3100.0
1033,897,357,29990.0,1,6.5,256.0,4000.0
1034,897,365,29990.0,1,6.5,256.0,4000.0
1035,898,1001,34165.0,18,6.5,256.0,4000.0
1036,899,1066,31426.0,20,6.5,256.0,4000.0
1037,900,1028,18063.0,21,6.5,128.0,3330.0
1038,901,950,5599.0,1,6.0,64.0,2870.0
1039,902,1143,10887.0,15,6.0,128.0,3600.0
1040,903,284,29990.0,1,6.1,128.0,4000.0
1041,904,1025,29927.0,18,6.1,256.0,4000.0
1042,905,1014,17475.0,21,6.1,128.0,3140.0
1043,906,197,8999.0,1,6.0,16.0,2930.0
1044,907,526,3399.0,1,5.0,32.0,2300.0
1045,907,537,3399.0,1,5.0,32.0,2300.0
1046,908,709,5749.0,1,5.2,64.0,2900.0
1047,909,268,5199.0,1,5.2,64.0,2900.0
1048,909,256,5199.0,1,5.2,64.0,2900.0
1049,910,561,5199.0,1,5.2,64.0,2900.0
1050,911,505,2070.0,1,5.0,16.0,2330.0
1051,912,565,5244.0,5,5.2,32.0,2900.0
1052,913,676,4560.0,1,5.5,32.0,3430.0
1053,914,69,2684.0,2,5.72,16.0,5000.0
1054,915,388,3497.0,1,6.35,32.0,5000.0
1055,916,627,4249.0,16,6.35,64.0,5000.0
1056,916,623,4249.0,16,6.35,64.0,5000.0
1057,917,573,4356.0,6,6.35,64.0,5000.0
1058,918,739,4998.0,2,6.53,128.0,5000.0
1059,919,680,3117.0,43,6.22,32.0,4030.0
1060,920,574,3080.0,47,6.22,32.0,4030.0
1061,921,810,4732.0,40,6.51,64.0,5000.0
1062,922,928,4752.0,36,6.51,64.0,5000.0
1063,923,587,4481.0,7,6.47,64.0,5000.0
1064,924,896,4467.0,8,6.47,64.0,5000.0
1065,925,595,2742.0,9,5.71,16.0,3020.0
1066,925,602,2742.0,9,5.71,16.0,3020.0
1067,926,787,2768.0,12,5.71,16.0,3020.0
1068,927,961,2598.0,10,5.45,32.0,3020.0
1069,928,575,3195.0,3,6.09,32.0,3020.0
1070,928,577,3195.0,3,6.09,32.0,3020.0
1071,929,352,3121.0,5,6.09,32.0,3020.0
1072,929,370,3121.0,5,6.09,32.0,3020.0
1073,930,791,2974.0,8,6.09,32.0,3020.0
1074,931,185,3869.0,1,5.7,32.0,3000.0
1075,931,218,3869.0,1,5.7,32.0,3000.0
1076,932,408,2687.0,2,5.0,16.0,4000.0
1077,933,1086,3812.0,44,6.3,64.0,5000.0
1078,934,260,3516.0,5,6.09,32.0,3020.0
1079,934,272,3516.0,5,6.09,32.0,3020.0
1080,935,789,3496.0,5,6.09,32.0,3020.0
1081,936,550,3702.0,3,6.26,32.0,4000.0
1082,936,555,3702.0,3,6.26,32.0,4000.0
1083,937,229,4190.0,1,5.99,32.0,3000.0
1084,938,15,3199.0,1,6.3,64.0,4350.0
1085,939,55,3199.0,1,6.3,64.0,4350.0
1086,940,281,3145.0,1,5.0,32.0,2650.0
1087,941,893,5663.0,2,6.2,64.0,3300.0
1088,942,980,27417.0,23,6.67,256.0,5000.0
1089,943,1012,21435.0,20,6.67,128.0,5000.0
1090,944,486,249.0,14,1.44,,600.0
1091,945,409,241.0,18,1.44,,600.0
1092,945,398,241.0,18,1.44,,600.0
1093,946,492,220.0,4,1.44,,600.0
1094,947,844,235.0,24,1.44,,600.0
1095,948,266,398.0,23,1.77,0.032,800.0
1096,948,254,398.0,23,1.77,0.032,800.0
1097,949,61,392.0,11,1.77,0.032,800.0
1098,950,246,308.0,25,1.77,,800.0
1099,951,14,303.0,31,1.77,,800.0
1100,952,927,596.0,28,2.2,0.032,1900.0
1101,953,917,598.0,26,2.2,0.032,1900.0
1102,954,80,530.0,16,2.4,0.064,800.0
1103,955,356,692.0,25,2.4,,800.0
1104,955,364,692.0,25,2.4,,800.0
1105,956,826,687.0,29,2.4,,800.0
1106,957,466,387.0,15,2.4,,1000.0
1107,958,37,529.0,6,2.4,,1000.0
1108,958,87,529.0,6,2.4,,1000.0
1109,959,10,395.0,4,2.4,,800.0
1110,960,26,733.0,29,2.8,0.032,1400.0
1111,960,95,733.0,29,2.8,0.032,1400.0
1112,961,308,741.0,29,2.8,0.032,1400.0
1113,962,152,689.0,2,2.8,0.032,1200.0
1114,963,50,999.0,1,2.8,0.032,1000.0
1115,964,702,584.0,35,2.8,,1750.0
1116,965,140,574.0,32,2.8,,1750.0
1117,966,613,580.0,34,2.8,,1750.0
1118,967,381,1071.0,2,2.8,,2500.0
1119,968,1215,22320.0,100,6.1,128.0,3110.0
1120,969,968,23176.0,37,6.1,128.0,3110.0
1121,970,1106,22105.0,46,6.1,128.0,3110.0
1122,971,1090,25919.0,76,6.1,256.0,3110.0
1123,972,635,26090.0,27,6.1,256.0,3110.0
1124,973,1221,20889.0,93,6.1,64.0,3110.0
1125,974,804,20986.0,33,6.1,64.0,3110.0
1126,975,854,21228.0,37,6.1,64.0,3110.0
1127,976,708,33505.0,21,5.8,256.0,3190.0
1128,977,1189,31724.0,94,5.8,256.0,3190.0
1129,978,564,36188.0,39,5.8,512.0,3190.0
1130,979,943,34617.0,76,5.8,512.0,3190.0
1131,980,542,29614.0,33,5.8,64.0,3190.0
1132,981,1207,28735.0,78,5.8,64.0,3190.0
1133,982,756,38918.0,16,6.5,256.0,3969.0
1134,983,1119,35280.0,82,6.5,256.0,3969.0
1135,984,379,42968.0,34,6.5,512.0,3969.0
1136,985,1069,38447.0,73,6.5,512.0,3969.0
1137,986,628,32583.0,37,6.5,64.0,3969.0
1138,986,624,32583.0,37,6.5,64.0,3969.0
1139,987,1176,32053.0,75,6.5,64.0,3969.0
1140,988,1213,28735.0,125,6.1,128.0,2815.0
1141,989,846,29168.0,32,6.1,128.0,2815.0
1142,990,1091,31795.0,93,6.1,256.0,2815.0
1143,991,735,33660.0,22,6.1,256.0,2815.0
1144,992,1205,26840.0,117,6.1,64.0,2815.0
1145,993,987,25792.0,40,6.1,64.0,2815.0
1146,994,1043,35507.0,37,6.1,128.0,2815.0
1147,995,1224,33992.0,101,6.1,128.0,2815.0
1148,996,996,38912.0,38,6.1,256.0,2815.0
1149,997,1198,37068.0,94,6.1,256.0,2815.0
1150,998,724,46503.0,29,6.1,512.0,2815.0
1151,999,873,44716.0,82,6.1,512.0,2815.0
1152,1000,1046,37574.0,38,6.7,128.0,3687.0
1153,1001,1216,37455.0,115,6.7,128.0,3687.0
1154,1002,997,41729.0,30,6.7,256.0,3687.0
1155,1003,1203,40910.0,120,6.7,256.0,3687.0
1156,1004,872,49242.0,33,6.7,512.0,3687.0
1157,1005,1103,46325.0,92,6.7,512.0,3687.0
1158,1006,1183,25687.0,111,5.4,128.0,2227.0
1159,1007,995,31369.0,81,5.4,256.0,2227.0
1160,1008,1195,23939.0,112,5.4,64.0,2227.0
1161,1009,8,3000.0,1,4.0,32.0,1510.0
1162,1010,633,2445.0,1,4.0,8.0,1510.0
1163,1011,780,4691.0,6,4.0,16.0,1570.0
1164,1012,524,3704.0,3,4.0,32.0,1570.0
1165,1013,32,5250.0,1,4.7,128.0,1810.0
1166,1014,589,4266.0,3,4.7,16.0,1810.0
1167,1015,644,6988.0,5,4.7,32.0,1810.0
1168,1016,716,4623.0,4,4.7,64.0,1810.0
1169,1017,940,6400.0,1,5.5,128.0,2915.0
1170,1018,313,5242.0,3,5.5,16.0,2915.0
1171,1019,341,5889.0,2,5.5,64.0,2915.0
1172,1020,402,6876.0,3,4.7,128.0,1715.0
1173,1020,412,6876.0,3,4.7,128.0,1715.0
1174,1021,640,5181.0,4,4.7,16.0,1715.0
1175,1022,922,5917.0,7,4.7,32.0,1715.0
1176,1023,687,9057.0,9,4.7,64.0,1715.0
1177,1024,489,6500.0,1,5.5,16.0,2915.0
1178,1025,683,9422.0,8,5.5,32.0,2915.0
1179,1026,754,7074.0,4,5.5,64.0,2915.0
1180,1027,1121,11829.0,21,4.7,128.0,1960.0
1181,1028,351,12446.0,10,4.7,256.0,1960.0
1182,1028,369,12446.0,10,4.7,256.0,1960.0
1183,1029,1169,9571.0,37,4.7,32.0,1960.0
1184,1030,1110,14468.0,42,5.5,128.0,2900.0
1185,1031,885,16392.0,12,5.5,256.0,2900.0
1186,1032,1032,12412.0,31,5.5,32.0,2900.0
1187,1032,1033,12412.0,31,5.5,32.0,2900.0
1188,1033,678,13575.0,40,4.7,128.0,
1189,1034,834,14817.0,31,4.7,256.0,
1190,1035,1162,11745.0,48,4.7,64.0,
1191,1036,741,18509.0,30,5.5,128.0,
1192,1037,911,19043.0,40,5.5,256.0,
1193,1038,1108,15605.0,46,5.5,64.0,
1194,1039,774,10260.0,3,4.0,128.0,1624.0
1195,1040,853,6240.0,3,4.0,16.0,1624.0
1196,1041,1112,15533.0,97,4.7,128.0,1828.0
1197,1042,755,15937.0,29,4.7,128.0,1828.0
1198,1043,977,17076.0,67,4.7,256.0,1828.0
1199,1044,450,16104.0,15,4.7,256.0,1828.0
1200,1045,1208,13806.0,105,4.7,64.0,1828.0
1201,1046,858,14142.0,27,4.7,64.0,1828.0
1202,1047,887,7991.0,11,4.0,32.0,1624.0
1203,1048,770,7328.0,3,4.0,64.0,1624.0
1204,1048,768,7328.0,3,4.0,64.0,1624.0
1205,1049,1186,18713.0,43,5.8,256.0,2716.0
1206,1050,1212,14185.0,25,5.8,64.0,2716.0
1207,1051,1166,19050.0,102,6.1,128.0,2942.0
1208,1052,729,19810.0,27,6.1,128.0,2942.0
1209,1053,852,21688.0,41,6.1,256.0,2942.0
1210,1054,1218,16938.0,125,6.1,64.0,2942.0
1211,1055,843,17977.0,24,6.1,64.0,2942.0
1212,1056,765,22520.0,15,6.1,128.0,2942.0
1213,1057,695,20143.0,26,6.1,64.0,2942.0
1214,1058,1126,21463.0,68,5.8,256.0,2568.0
1215,1059,803,22842.0,62,5.8,512.0,2568.0
1216,1060,1187,19790.0,53,5.8,64.0,2568.0
1217,1061,1128,24184.0,37,6.5,256.0,3174.0
1218,1062,842,27190.0,47,6.5,512.0,3174.0
1219,1063,1101,22685.0,61,6.5,64.0,3174.0
1220,1064,530,24600.0,28,6.5,64.0,3174.0
1221,1065,1174,8804.0,18,6.26,128.0,3750.0
1222,1066,752,18755.0,2,6.65,128.0,4500.0
1223,1067,952,907.0,75,3.5,,1750.0
